Algoritmo,Alineamiento.Tiempo,Alineamiento.Score,Alineamiento.Long,Num,Test_Name
Simulated Annealing,1255.9095978736877,2.925,40,10,DataPrueba_2111
ClustalW,0.11844110488891602,2.6226415094339623,53,10,DataPrueba_2111
Simulated Annealing,1255.343645811081,2.9,40,10,DataPrueba_2111
Simulated Annealing,1254.7543416023254,2.8,40,10,DataPrueba_2111
ClustalW,0.11370372772216797,2.6226415094339623,53,10,DataPrueba_2111
ClustalW,0.12565350532531738,2.6226415094339623,53,10,DataPrueba_2111
ClustalW,0.14509844779968262,2.6226415094339623,53,10,DataPrueba_2111
Simulated Annealing,1252.009971857071,2.925,40,10,DataPrueba_2111
ClustalW,0.16630244255065918,2.6226415094339623,53,10,DataPrueba_2111
Simulated Annealing,1255.2635848522186,2.95,40,10,DataPrueba_2111
Simulated Annealing,1243.6921362876892,2.85,40,10,DataPrueba_2111
ClustalW,0.1280202865600586,2.6226415094339623,53,10,DataPrueba_2111
ClustalW,0.14017343521118164,2.6226415094339623,53,10,DataPrueba_2111
ClustalW,0.11764860153198242,2.6226415094339623,53,10,DataPrueba_2111
ClustalW,0.1634199619293213,2.6226415094339623,53,10,DataPrueba_2111
ClustalW,0.12555432319641113,2.6226415094339623,53,10,DataPrueba_2111
ClustalW,0.1817777156829834,2.6226415094339623,53,10,DataPrueba_2111
Simulated Annealing,1255.4869141578674,2.75,40,10,DataPrueba_2111
Simulated Annealing,1252.4455733299255,2.9,40,10,DataPrueba_2111
ClustalW,0.15680265426635742,2.6226415094339623,53,10,DataPrueba_2111
Simulated Annealing,1249.00102186203,2.925,40,10,DataPrueba_2111
ClustalW,0.1650087833404541,2.6226415094339623,53,10,DataPrueba_2111
ClustalW,0.15354180335998535,2.6226415094339623,53,10,DataPrueba_2111
ClustalW,0.16572833061218262,2.6226415094339623,53,10,DataPrueba_2111
ClustalW,0.11901521682739258,2.6226415094339623,53,10,DataPrueba_2111
ClustalW,0.16755914688110352,2.6226415094339623,53,10,DataPrueba_2111
ClustalW,0.1549382209777832,2.6226415094339623,53,10,DataPrueba_2111
Simulated Annealing,1255.4485669136047,2.8,40,10,DataPrueba_2111
ClustalW,0.10989189147949219,2.6226415094339623,53,10,DataPrueba_2111
ClustalW,0.1371750831604004,2.6226415094339623,53,10,DataPrueba_2111
Simulated Annealing,1819.4964027404785,2.95,40,15,DataPrueba_2111
ClustalW,0.12675714492797852,2.6037735849056602,53,15,DataPrueba_2111
ClustalW,0.18496942520141602,2.6037735849056602,53,15,DataPrueba_2111
Simulated Annealing,1801.315327167511,2.95,40,15,DataPrueba_2111
Simulated Annealing,1829.5968821048737,2.975,40,15,DataPrueba_2111
ClustalW,0.14586400985717773,2.6037735849056602,53,15,DataPrueba_2111
ClustalW,0.16074562072753906,2.6037735849056602,53,15,DataPrueba_2111
ClustalW,0.16689157485961914,2.6037735849056602,53,15,DataPrueba_2111
ClustalW,0.17074012756347656,2.6037735849056602,53,15,DataPrueba_2111
ClustalW,0.1728816032409668,2.6037735849056602,53,15,DataPrueba_2111
Simulated Annealing,1821.9616317749023,2.975,40,15,DataPrueba_2111
Simulated Annealing,1823.609433889389,3.0,40,15,DataPrueba_2111
ClustalW,0.13896465301513672,2.6037735849056602,53,15,DataPrueba_2111
ClustalW,0.13257575035095215,2.6037735849056602,53,15,DataPrueba_2111
ClustalW,0.1457386016845703,2.6037735849056602,53,15,DataPrueba_2111
ClustalW,0.164628267288208,2.6037735849056602,53,15,DataPrueba_2111
Simulated Annealing,1827.09942984581,2.975,40,15,DataPrueba_2111
ClustalW,0.12375235557556152,2.6037735849056602,53,15,DataPrueba_2111
ClustalW,0.1812903881072998,2.6037735849056602,53,15,DataPrueba_2111
Simulated Annealing,1781.0831151008606,2.95,40,15,DataPrueba_2111
ClustalW,0.14590668678283691,2.6037735849056602,53,15,DataPrueba_2111
ClustalW,0.15813088417053223,2.6037735849056602,53,15,DataPrueba_2111
Simulated Annealing,1825.7848811149597,3.0,40,15,DataPrueba_2111
ClustalW,0.1629173755645752,2.6037735849056602,53,15,DataPrueba_2111
ClustalW,0.11768960952758789,2.6037735849056602,53,15,DataPrueba_2111
Simulated Annealing,1800.908037185669,3.0,40,15,DataPrueba_2111
ClustalW,0.15926480293273926,2.6037735849056602,53,15,DataPrueba_2111
ClustalW,0.15256023406982422,2.6037735849056602,53,15,DataPrueba_2111
Simulated Annealing,1818.7003254890442,3.0,40,15,DataPrueba_2111
ClustalW,0.17657995223999023,2.6037735849056602,53,15,DataPrueba_2111
Simulated Annealing,221.86528635025024,1.4,40,2,DataPrueba_2111
Simulated Annealing,220.17711281776428,1.15,40,2,DataPrueba_2111
Simulated Annealing,221.93489289283752,1.15,40,2,DataPrueba_2111
Simulated Annealing,223.20926880836487,1.15,40,2,DataPrueba_2111
ClustalW,0.13117766380310059,1.0,42,2,DataPrueba_2111
ClustalW,0.15462446212768555,1.0,42,2,DataPrueba_2111
ClustalW,0.2305896282196045,1.0,42,2,DataPrueba_2111
Simulated Annealing,222.7645845413208,1.2,40,2,DataPrueba_2111
ClustalW,0.12751054763793945,1.0,42,2,DataPrueba_2111
ClustalW,0.10766768455505371,1.0,42,2,DataPrueba_2111
ClustalW,0.12980341911315918,1.0,42,2,DataPrueba_2111
Simulated Annealing,223.18879055976868,1.325,40,2,DataPrueba_2111
ClustalW,0.1470470428466797,1.0,42,2,DataPrueba_2111
Simulated Annealing,223.238831281662,1.175,40,2,DataPrueba_2111
ClustalW,0.10550642013549805,1.0,42,2,DataPrueba_2111
ClustalW,0.14516878128051758,1.0,42,2,DataPrueba_2111
ClustalW,0.11987185478210449,1.0,42,2,DataPrueba_2111
ClustalW,0.1789560317993164,1.0,42,2,DataPrueba_2111
Simulated Annealing,222.81517577171326,1.375,40,2,DataPrueba_2111
ClustalW,0.11332869529724121,1.0,42,2,DataPrueba_2111
ClustalW,0.15277338027954102,1.0,42,2,DataPrueba_2111
ClustalW,0.11524105072021484,1.0,42,2,DataPrueba_2111
ClustalW,0.23047471046447754,1.0,42,2,DataPrueba_2111
ClustalW,0.1421823501586914,1.0,42,2,DataPrueba_2111
ClustalW,0.15019583702087402,1.0,42,2,DataPrueba_2111
Simulated Annealing,221.62293910980225,1.425,40,2,DataPrueba_2111
ClustalW,0.2208700180053711,1.0,42,2,DataPrueba_2111
ClustalW,0.12477755546569824,1.0,42,2,DataPrueba_2111
ClustalW,0.1341075897216797,1.0,42,2,DataPrueba_2111
Simulated Annealing,223.13348245620728,1.225,40,2,DataPrueba_2111
Simulated Annealing,2368.8360958099365,3.0,40,20,DataPrueba_2111
ClustalW,0.16466975212097168,2.6037735849056602,53,20,DataPrueba_2111
Simulated Annealing,2414.8713030815125,3.0,40,20,DataPrueba_2111
ClustalW,0.13286972045898438,2.6037735849056602,53,20,DataPrueba_2111
ClustalW,0.1405794620513916,2.6037735849056602,53,20,DataPrueba_2111
ClustalW,0.19000649452209473,2.6037735849056602,53,20,DataPrueba_2111
Simulated Annealing,2382.747393131256,3.0,40,20,DataPrueba_2111
ClustalW,0.1366872787475586,2.6037735849056602,53,20,DataPrueba_2111
Simulated Annealing,2425.5792093276978,2.975,40,20,DataPrueba_2111
ClustalW,0.18297219276428223,2.6037735849056602,53,20,DataPrueba_2111
Simulated Annealing,2407.855679512024,3.0,40,20,DataPrueba_2111
ClustalW,0.17579221725463867,2.6037735849056602,53,20,DataPrueba_2111
ClustalW,0.1844933032989502,2.6037735849056602,53,20,DataPrueba_2111
Simulated Annealing,2389.7026193141937,3.0,40,20,DataPrueba_2111
ClustalW,0.12015366554260254,2.6037735849056602,53,20,DataPrueba_2111
ClustalW,0.17016196250915527,2.6037735849056602,53,20,DataPrueba_2111
ClustalW,0.13814997673034668,2.6037735849056602,53,20,DataPrueba_2111
ClustalW,0.18084001541137695,2.6037735849056602,53,20,DataPrueba_2111
ClustalW,0.12065672874450684,2.6037735849056602,53,20,DataPrueba_2111
Simulated Annealing,2402.1077766418457,2.975,40,20,DataPrueba_2111
Simulated Annealing,2411.718024969101,2.975,40,20,DataPrueba_2111
ClustalW,0.17450642585754395,2.6037735849056602,53,20,DataPrueba_2111
Simulated Annealing,2429.3628911972046,3.0,40,20,DataPrueba_2111
ClustalW,0.17838811874389648,2.6037735849056602,53,20,DataPrueba_2111
ClustalW,0.16657233238220215,2.6037735849056602,53,20,DataPrueba_2111
ClustalW,0.1349639892578125,2.6037735849056602,53,20,DataPrueba_2111
ClustalW,0.14830970764160156,2.6037735849056602,53,20,DataPrueba_2111
ClustalW,0.13182687759399414,2.6037735849056602,53,20,DataPrueba_2111
Simulated Annealing,2425.515460252762,3.0,40,20,DataPrueba_2111
ClustalW,0.16566705703735352,2.6037735849056602,53,25,DataPrueba_2111
Simulated Annealing,2870.7324426174164,3.0,40,25,DataPrueba_2111
Simulated Annealing,3054.381338119507,3.0,40,25,DataPrueba_2111
ClustalW,0.1434330940246582,2.6037735849056602,53,25,DataPrueba_2111
ClustalW,0.17838263511657715,2.6037735849056602,53,25,DataPrueba_2111
Simulated Annealing,2848.7256169319153,3.0,40,25,DataPrueba_2111
ClustalW,0.18367981910705566,2.6037735849056602,53,25,DataPrueba_2111
ClustalW,0.15345263481140137,2.6037735849056602,53,25,DataPrueba_2111
ClustalW,0.17419028282165527,2.6037735849056602,53,25,DataPrueba_2111
ClustalW,0.14130258560180664,2.6037735849056602,53,25,DataPrueba_2111
ClustalW,0.15246868133544922,2.6037735849056602,53,25,DataPrueba_2111
Simulated Annealing,2712.9586458206177,3.0,40,25,DataPrueba_2111
Simulated Annealing,2760.822548866272,3.0,40,25,DataPrueba_2111
ClustalW,0.15853571891784668,2.6037735849056602,53,25,DataPrueba_2111
ClustalW,0.1800990104675293,2.6037735849056602,53,25,DataPrueba_2111
Simulated Annealing,2931.1884989738464,3.0,40,25,DataPrueba_2111
Simulated Annealing,2840.3928377628326,2.975,40,25,DataPrueba_2111
ClustalW,0.16766667366027832,2.6037735849056602,53,25,DataPrueba_2111
ClustalW,0.18819379806518555,2.6037735849056602,53,25,DataPrueba_2111
ClustalW,0.13601398468017578,2.6037735849056602,53,25,DataPrueba_2111
Simulated Annealing,3028.8088569641113,3.0,40,25,DataPrueba_2111
ClustalW,0.1874561309814453,2.6037735849056602,53,25,DataPrueba_2111
ClustalW,0.19579601287841797,2.6037735849056602,53,25,DataPrueba_2111
ClustalW,0.14280414581298828,2.6037735849056602,53,25,DataPrueba_2111
ClustalW,0.1979970932006836,2.6037735849056602,53,25,DataPrueba_2111
ClustalW,0.19484639167785645,2.6037735849056602,53,25,DataPrueba_2111
ClustalW,0.1424884796142578,2.6037735849056602,53,25,DataPrueba_2111
Simulated Annealing,2922.456180334091,3.0,40,25,DataPrueba_2111
ClustalW,0.16149449348449707,2.6037735849056602,53,25,DataPrueba_2111
Simulated Annealing,3061.4419100284576,3.0,40,25,DataPrueba_2111
Simulated Annealing,3612.5278210639954,3.0,40,30,DataPrueba_2111
Simulated Annealing,3405.5830795764923,3.0,40,30,DataPrueba_2111
ClustalW,0.17161965370178223,2.8636363636363638,66,30,DataPrueba_2111
ClustalW,0.20397210121154785,2.8636363636363638,66,30,DataPrueba_2111
ClustalW,0.2156682014465332,2.8636363636363638,66,30,DataPrueba_2111
ClustalW,0.19968414306640625,2.8636363636363638,66,30,DataPrueba_2111
Simulated Annealing,3335.389873981476,3.0,40,30,DataPrueba_2111
ClustalW,0.21195292472839355,2.8636363636363638,66,30,DataPrueba_2111
Simulated Annealing,3319.682108402252,3.0,40,30,DataPrueba_2111
ClustalW,0.1955714225769043,2.8636363636363638,66,30,DataPrueba_2111
Simulated Annealing,3331.506602048874,3.0,40,30,DataPrueba_2111
ClustalW,0.17607808113098145,2.8636363636363638,66,30,DataPrueba_2111
ClustalW,0.2012650966644287,2.8636363636363638,66,30,DataPrueba_2111
ClustalW,0.2439250946044922,2.8636363636363638,66,30,DataPrueba_2111
Simulated Annealing,3223.169638633728,3.0,40,30,DataPrueba_2111
ClustalW,0.14402365684509277,2.8636363636363638,66,30,DataPrueba_2111
Simulated Annealing,3606.3007526397705,3.0,40,30,DataPrueba_2111
Simulated Annealing,3657.3555026054382,2.975,40,30,DataPrueba_2111
ClustalW,0.20275449752807617,2.8636363636363638,66,30,DataPrueba_2111
ClustalW,0.13783812522888184,2.8636363636363638,66,30,DataPrueba_2111
ClustalW,0.14914560317993164,2.8636363636363638,66,30,DataPrueba_2111
ClustalW,0.15061330795288086,2.8636363636363638,66,30,DataPrueba_2111
ClustalW,0.17787408828735352,2.8636363636363638,66,30,DataPrueba_2111
Simulated Annealing,3527.028524875641,3.0,40,30,DataPrueba_2111
ClustalW,0.15084004402160645,2.8636363636363638,66,30,DataPrueba_2111
ClustalW,0.1858828067779541,2.8636363636363638,66,30,DataPrueba_2111
ClustalW,0.20829439163208008,2.8636363636363638,66,30,DataPrueba_2111
Simulated Annealing,3723.3560087680817,3.0,40,30,DataPrueba_2111
ClustalW,0.14336872100830078,2.8636363636363638,66,30,DataPrueba_2111
ClustalW,0.17697453498840332,2.8636363636363638,66,30,DataPrueba_2111
Simulated Annealing,4128.362045288086,3.0,40,35,DataPrueba_2111
ClustalW,0.19728803634643555,3.0,66,35,DataPrueba_2111
Simulated Annealing,3985.8969655036926,3.0,40,35,DataPrueba_2111
ClustalW,0.17192363739013672,3.0,66,35,DataPrueba_2111
ClustalW,0.20453691482543945,3.0,66,35,DataPrueba_2111
ClustalW,0.19424223899841309,3.0,66,35,DataPrueba_2111
ClustalW,0.17534089088439941,3.0,66,35,DataPrueba_2111
ClustalW,0.18738675117492676,3.0,66,35,DataPrueba_2111
Simulated Annealing,3604.37557053566,3.0,40,35,DataPrueba_2111
ClustalW,0.21377182006835938,3.0,66,35,DataPrueba_2111
ClustalW,0.18504738807678223,3.0,66,35,DataPrueba_2111
ClustalW,0.22901105880737305,3.0,66,35,DataPrueba_2111
ClustalW,0.21801066398620605,3.0,66,35,DataPrueba_2111
ClustalW,0.23187041282653809,3.0,66,35,DataPrueba_2111
Simulated Annealing,3689.5039303302765,3.0,40,35,DataPrueba_2111
ClustalW,0.18557095527648926,3.0,66,35,DataPrueba_2111
Simulated Annealing,3993.7705631256104,3.0,40,35,DataPrueba_2111
Simulated Annealing,3281.200352907181,3.0,40,35,DataPrueba_2111
ClustalW,0.15836644172668457,3.0,66,35,DataPrueba_2111
Simulated Annealing,3558.461900472641,3.0,40,35,DataPrueba_2111
ClustalW,0.2464160919189453,3.0,66,35,DataPrueba_2111
ClustalW,0.2047102451324463,3.0,66,35,DataPrueba_2111
ClustalW,0.20852351188659668,3.0,66,35,DataPrueba_2111
ClustalW,0.16664981842041016,3.0,66,35,DataPrueba_2111
Simulated Annealing,3243.8127064704895,3.0,40,35,DataPrueba_2111
ClustalW,0.21838116645812988,3.0,66,35,DataPrueba_2111
Simulated Annealing,3432.096554994583,3.0,40,35,DataPrueba_2111
Simulated Annealing,3432.096554994583,3.0,40,35,DataPrueba_2111
ClustalW,0.2072315216064453,3.0,66,35,DataPrueba_2111
ClustalW,0.21919846534729004,3.0,66,35,DataPrueba_2111
ClustalW,0.21838116645812988,2.8,60,40,DataPrueba_2111
ClustalW,0.23735404014587402,2.8,60,40,DataPrueba_2111
ClustalW,0.23080706596374512,2.8,60,40,DataPrueba_2111
ClustalW,0.16289734840393066,2.8,60,40,DataPrueba_2111
ClustalW,0.20895004272460938,2.8,60,40,DataPrueba_2111
ClustalW,0.20701265335083008,2.8,60,40,DataPrueba_2111
ClustalW,0.21383166313171387,2.8,60,40,DataPrueba_2111
ClustalW,0.22560882568359375,2.8,60,40,DataPrueba_2111
ClustalW,0.16891074180603027,2.8,60,40,DataPrueba_2111
Simulated Annealing,3586.261717557907,3.0,40,40,DataPrueba_2111
ClustalW,0.2932395935058594,2.8,60,40,DataPrueba_2111
Simulated Annealing,3943.501984834671,3.0,40,40,DataPrueba_2111
Simulated Annealing,4418.198541641235,3.0,40,40,DataPrueba_2111
ClustalW,0.23238348960876465,2.8,60,40,DataPrueba_2111
ClustalW,0.1626441478729248,2.8,60,40,DataPrueba_2111
ClustalW,0.19113898277282715,2.8,60,40,DataPrueba_2111
ClustalW,0.22664117813110352,2.8,60,40,DataPrueba_2111
ClustalW,0.22844839096069336,2.8,60,40,DataPrueba_2111
ClustalW,0.21268653869628906,2.8,60,40,DataPrueba_2111
Simulated Annealing,3751.7084851264954,3.0,40,40,DataPrueba_2111
ClustalW,0.19589734077453613,2.8,60,40,DataPrueba_2111
Simulated Annealing,3528.53781914711,3.0,40,40,DataPrueba_2111
Simulated Annealing,3538.073630094528,3.0,40,40,DataPrueba_2111
ClustalW,0.1740257740020752,2.8,60,40,DataPrueba_2111
ClustalW,0.21945762634277344,2.8,60,40,DataPrueba_2111
Simulated Annealing,3620.3670287132263,3.0,40,40,DataPrueba_2111
Simulated Annealing,3620.3670287132263,3.0,40,40,DataPrueba_2111
Simulated Annealing,3620.3670287132263,3.0,40,40,DataPrueba_2111
ClustalW,0.19280004501342773,2.8,60,40,DataPrueba_2111
Simulated Annealing,3944.654709815979,3.0,40,40,DataPrueba_2111
Simulated Annealing,4415.081178426743,3.0,40,45,DataPrueba_2111
ClustalW,0.19569087028503418,2.8,60,45,DataPrueba_2111
Simulated Annealing,4708.490514993668,3.0,40,45,DataPrueba_2111
ClustalW,0.33371496200561523,2.8,60,45,DataPrueba_2111
ClustalW,0.21368980407714844,2.8,60,45,DataPrueba_2111
Simulated Annealing,4377.847010135651,3.0,40,45,DataPrueba_2111
ClustalW,0.23311281204223633,2.8,60,45,DataPrueba_2111
ClustalW,0.2009899616241455,2.8,60,45,DataPrueba_2111
ClustalW,0.22140240669250488,2.8,60,45,DataPrueba_2111
ClustalW,0.24652814865112305,2.8,60,45,DataPrueba_2111
ClustalW,0.20287346839904785,2.8,60,45,DataPrueba_2111
ClustalW,0.23923349380493164,2.8,60,45,DataPrueba_2111
ClustalW,0.2560420036315918,2.8,60,45,DataPrueba_2111
ClustalW,0.2159724235534668,2.8,60,45,DataPrueba_2111
Simulated Annealing,3354.7986068725586,3.0,40,45,DataPrueba_2111
ClustalW,0.18500494956970215,2.8,60,45,DataPrueba_2111
ClustalW,0.25420045852661133,2.8,60,45,DataPrueba_2111
ClustalW,0.2576010227203369,2.8,60,45,DataPrueba_2111
ClustalW,0.28040289878845215,2.8,60,45,DataPrueba_2111
ClustalW,0.27416110038757324,2.8,60,45,DataPrueba_2111
Simulated Annealing,4049.6006729602814,3.0,40,45,DataPrueba_2111
Simulated Annealing,4049.6006729602814,3.0,40,45,DataPrueba_2111
ClustalW,0.26896214485168457,2.8,60,45,DataPrueba_2111
ClustalW,0.31225156784057617,2.8,60,45,DataPrueba_2111
Simulated Annealing,3873.29518198967,3.0,40,45,DataPrueba_2111
Simulated Annealing,4654.413022518158,3.0,40,45,DataPrueba_2111
Simulated Annealing,4654.413022518158,3.0,40,45,DataPrueba_2111
Simulated Annealing,4230.818341732025,3.0,40,45,DataPrueba_2111
ClustalW,0.1536884307861328,2.1818181818181817,44,5,DataPrueba_2111
ClustalW,0.16173291206359863,2.1818181818181817,44,5,DataPrueba_2111
ClustalW,0.19164347648620605,2.1818181818181817,44,5,DataPrueba_2111
Simulated Annealing,616.2793476581573,2.625,40,5,DataPrueba_2111
ClustalW,0.15537500381469727,2.1818181818181817,44,5,DataPrueba_2111
ClustalW,0.12855267524719238,2.1818181818181817,44,5,DataPrueba_2111
Simulated Annealing,617.6412987709045,2.55,40,5,DataPrueba_2111
ClustalW,0.11343193054199219,2.1818181818181817,44,5,DataPrueba_2111
Simulated Annealing,616.568587064743,2.375,40,5,DataPrueba_2111
Simulated Annealing,618.0519163608551,2.5,40,5,DataPrueba_2111
ClustalW,0.15399169921875,2.1818181818181817,44,5,DataPrueba_2111
Simulated Annealing,619.4560010433197,2.675,40,5,DataPrueba_2111
ClustalW,0.167830228805542,2.1818181818181817,44,5,DataPrueba_2111
Simulated Annealing,617.2141706943512,2.425,40,5,DataPrueba_2111
Simulated Annealing,618.7109990119934,2.55,40,5,DataPrueba_2111
ClustalW,0.11951279640197754,2.1818181818181817,44,5,DataPrueba_2111
ClustalW,0.13758516311645508,2.1818181818181817,44,5,DataPrueba_2111
ClustalW,0.13677024841308594,2.1818181818181817,44,5,DataPrueba_2111
ClustalW,0.1314375400543213,2.1818181818181817,44,5,DataPrueba_2111
ClustalW,0.14034080505371094,2.1818181818181817,44,5,DataPrueba_2111
ClustalW,0.20506548881530762,2.1818181818181817,44,5,DataPrueba_2111
Simulated Annealing,618.1636440753937,2.325,40,5,DataPrueba_2111
ClustalW,0.13962125778198242,2.1818181818181817,44,5,DataPrueba_2111
Simulated Annealing,615.3628253936768,2.6,40,5,DataPrueba_2111
ClustalW,0.1462845802307129,2.1818181818181817,44,5,DataPrueba_2111
ClustalW,0.11532473564147949,2.1818181818181817,44,5,DataPrueba_2111
Simulated Annealing,605.3470373153687,2.525,40,5,DataPrueba_2111
ClustalW,0.13082361221313477,2.1818181818181817,44,5,DataPrueba_2111
ClustalW,0.12147259712219238,2.1818181818181817,44,5,DataPrueba_2111
ClustalW,0.11255002021789551,2.1818181818181817,44,5,DataPrueba_2111
MUSCLE,0.10552287101745605,0.5660377358490566,53,10,DataPrueba_2111
MUSCLE,0.10872602462768555,0.5660377358490566,53,10,DataPrueba_2111
MUSCLE,0.10467147827148438,0.5660377358490566,53,10,DataPrueba_2111
MUSCLE,0.10457468032836914,0.5660377358490566,53,10,DataPrueba_2111
MUSCLE,0.10577273368835449,0.5660377358490566,53,10,DataPrueba_2111
MUSCLE,0.10428452491760254,0.5660377358490566,53,10,DataPrueba_2111
MUSCLE,0.10503578186035156,0.5660377358490566,53,10,DataPrueba_2111
MUSCLE,0.10475468635559082,0.5660377358490566,53,10,DataPrueba_2111
MUSCLE,0.10497331619262695,0.5660377358490566,53,10,DataPrueba_2111
MUSCLE,0.10479617118835449,0.5660377358490566,53,10,DataPrueba_2111
MUSCLE,0.10771369934082031,0.6521739130434783,69,15,DataPrueba_2111
MUSCLE,0.10511589050292969,0.6521739130434783,69,15,DataPrueba_2111
MUSCLE,0.10679292678833008,0.6521739130434783,69,15,DataPrueba_2111
MUSCLE,0.10702228546142578,0.6521739130434783,69,15,DataPrueba_2111
MUSCLE,0.1068885326385498,0.6521739130434783,69,15,DataPrueba_2111
MUSCLE,0.10564231872558594,0.6521739130434783,69,15,DataPrueba_2111
MUSCLE,0.10779285430908203,0.6521739130434783,69,15,DataPrueba_2111
MUSCLE,0.1066739559173584,0.6521739130434783,69,15,DataPrueba_2111
MUSCLE,0.10676884651184082,0.6521739130434783,69,15,DataPrueba_2111
MUSCLE,0.10515308380126953,0.6521739130434783,69,15,DataPrueba_2111
MUSCLE,0.10590124130249023,0.821917808219178,73,20,DataPrueba_2111
MUSCLE,0.10667657852172852,0.821917808219178,73,20,DataPrueba_2111
MUSCLE,0.10616350173950195,0.821917808219178,73,20,DataPrueba_2111
MUSCLE,0.10517024993896484,0.821917808219178,73,20,DataPrueba_2111
MUSCLE,0.10443711280822754,0.821917808219178,73,20,DataPrueba_2111
MUSCLE,0.11110973358154297,0.821917808219178,73,20,DataPrueba_2111
MUSCLE,0.10482645034790039,0.821917808219178,73,20,DataPrueba_2111
MUSCLE,0.10747957229614258,0.821917808219178,73,20,DataPrueba_2111
MUSCLE,0.10496258735656738,0.821917808219178,73,20,DataPrueba_2111
MUSCLE,0.10765719413757324,0.821917808219178,73,20,DataPrueba_2111
MUSCLE,0.10898852348327637,1.2096774193548387,62,25,DataPrueba_2111
MUSCLE,0.10482120513916016,1.2096774193548387,62,25,DataPrueba_2111
MUSCLE,0.10627126693725586,1.2096774193548387,62,25,DataPrueba_2111
MUSCLE,0.10595440864562988,1.2096774193548387,62,25,DataPrueba_2111
MUSCLE,0.10494136810302734,1.2096774193548387,62,25,DataPrueba_2111
MUSCLE,0.1077570915222168,1.2096774193548387,62,25,DataPrueba_2111
MUSCLE,0.10606718063354492,1.2096774193548387,62,25,DataPrueba_2111
MUSCLE,0.10643935203552246,1.2096774193548387,62,25,DataPrueba_2111
MUSCLE,0.10520076751708984,1.2096774193548387,62,25,DataPrueba_2111
MUSCLE,0.10932350158691406,1.2096774193548387,62,25,DataPrueba_2111
MUSCLE,0.10561227798461914,0.14285714285714285,42,2,DataPrueba_2111
MUSCLE,0.10532832145690918,0.14285714285714285,42,2,DataPrueba_2111
MUSCLE,0.10966634750366211,0.14285714285714285,42,2,DataPrueba_2111
MUSCLE,0.1043553352355957,0.14285714285714285,42,2,DataPrueba_2111
MUSCLE,0.1040503978729248,0.14285714285714285,42,2,DataPrueba_2111
MUSCLE,0.10494422912597656,0.14285714285714285,42,2,DataPrueba_2111
MUSCLE,0.10370302200317383,0.14285714285714285,42,2,DataPrueba_2111
MUSCLE,0.10430407524108887,0.14285714285714285,42,2,DataPrueba_2111
MUSCLE,0.10466670989990234,0.14285714285714285,42,2,DataPrueba_2111
MUSCLE,0.10580945014953613,0.14285714285714285,42,2,DataPrueba_2111
MUSCLE,0.10558843612670898,1.3432835820895523,67,30,DataPrueba_2111
MUSCLE,0.10530567169189453,1.3432835820895523,67,30,DataPrueba_2111
MUSCLE,0.10921144485473633,1.3432835820895523,67,30,DataPrueba_2111
MUSCLE,0.10601115226745605,1.3432835820895523,67,30,DataPrueba_2111
MUSCLE,0.10501909255981445,1.3432835820895523,67,30,DataPrueba_2111
MUSCLE,0.10744237899780273,1.3432835820895523,67,30,DataPrueba_2111
MUSCLE,0.1059415340423584,1.3432835820895523,67,30,DataPrueba_2111
MUSCLE,0.10520768165588379,1.3432835820895523,67,30,DataPrueba_2111
MUSCLE,0.1049203872680664,1.3432835820895523,67,30,DataPrueba_2111
MUSCLE,0.10848379135131836,1.3432835820895523,67,30,DataPrueba_2111
MUSCLE,0.10534262657165527,1.721311475409836,61,35,DataPrueba_2111
MUSCLE,0.10607600212097168,1.721311475409836,61,35,DataPrueba_2111
MUSCLE,0.10686063766479492,1.721311475409836,61,35,DataPrueba_2111
MUSCLE,0.1080317497253418,1.721311475409836,61,35,DataPrueba_2111
MUSCLE,0.10614371299743652,1.721311475409836,61,35,DataPrueba_2111
MUSCLE,0.10991287231445312,1.721311475409836,61,35,DataPrueba_2111
MUSCLE,0.10563445091247559,1.721311475409836,61,35,DataPrueba_2111
MUSCLE,0.10670280456542969,1.721311475409836,61,35,DataPrueba_2111
MUSCLE,0.10760951042175293,1.721311475409836,61,35,DataPrueba_2111
MUSCLE,0.1083981990814209,1.721311475409836,61,35,DataPrueba_2111
MUSCLE,0.20551156997680664,1.6901408450704225,71,40,DataPrueba_2111
MUSCLE,0.20407533645629883,1.6901408450704225,71,40,DataPrueba_2111
MUSCLE,0.20506787300109863,1.6901408450704225,71,40,DataPrueba_2111
MUSCLE,0.20766568183898926,1.6901408450704225,71,40,DataPrueba_2111
MUSCLE,0.2059793472290039,1.6901408450704225,71,40,DataPrueba_2111
MUSCLE,0.20470499992370605,1.6901408450704225,71,40,DataPrueba_2111
MUSCLE,0.20572996139526367,1.6901408450704225,71,40,DataPrueba_2111
MUSCLE,0.2056267261505127,1.6901408450704225,71,40,DataPrueba_2111
MUSCLE,0.20937681198120117,1.6901408450704225,71,40,DataPrueba_2111
MUSCLE,0.20552349090576172,1.6901408450704225,71,40,DataPrueba_2111
MUSCLE,0.20677471160888672,1.875,72,45,DataPrueba_2111
MUSCLE,0.20570778846740723,1.875,72,45,DataPrueba_2111
MUSCLE,0.20634245872497559,1.875,72,45,DataPrueba_2111
MUSCLE,0.20627593994140625,1.875,72,45,DataPrueba_2111
MUSCLE,0.2037668228149414,1.875,72,45,DataPrueba_2111
MUSCLE,0.21038365364074707,1.875,72,45,DataPrueba_2111
MUSCLE,0.20904183387756348,1.875,72,45,DataPrueba_2111
MUSCLE,0.20879840850830078,1.875,72,45,DataPrueba_2111
MUSCLE,0.20763111114501953,1.875,72,45,DataPrueba_2111
MUSCLE,0.205596923828125,1.875,72,45,DataPrueba_2111
MUSCLE,0.11133265495300293,0.3,50,5,DataPrueba_2111
MUSCLE,0.10489845275878906,0.3,50,5,DataPrueba_2111
MUSCLE,0.10581421852111816,0.3,50,5,DataPrueba_2111
MUSCLE,0.10554361343383789,0.3,50,5,DataPrueba_2111
MUSCLE,0.10375714302062988,0.3,50,5,DataPrueba_2111
MUSCLE,0.10396838188171387,0.3,50,5,DataPrueba_2111
MUSCLE,0.10415530204772949,0.3,50,5,DataPrueba_2111
MUSCLE,0.10435986518859863,0.3,50,5,DataPrueba_2111
MUSCLE,0.10630202293395996,0.3,50,5,DataPrueba_2111
MUSCLE,0.1053013801574707,0.3,50,5,DataPrueba_2111
